Day,Ecotype,Mat+AC0-Treat,Frec
6,Wa,V,38
6,Wa,V,38
6,Wa,V,38
6,Wa,V,38
6,Wa,V,38
6,Wa,V,38
6,Wa,V,38
6,Wa,V,38
6,Wa,V,38
6,Wa,V,38
6,Wa,V,38
6,Wa,V,38
6,Wa,V,38
6,Wa,V,38
6,Wa,V,38
6,Wa,V,38
6,Wa,V,38
6,Wa,V,38
6,Wa,V,38
6,Wa,V,38
6,Wa,V,38
6,Wa,V,38
6,Wa,V,38
6,Wa,V,38
6,Wa,V,38
6,Wa,V,38
6,Wa,V,38
6,Wa,V,38
6,Wa,V,38
6,Wa,V,38
6,Wa,V,38
6,Wa,V,38
6,Wa,V,38
6,Wa,V,38
6,Wa,V,38
6,Wa,V,38
6,Wa,V,38
6,Wa,V,38
6,Wa,NV,48
6,Wa,NV,48
6,Wa,NV,48
6,Wa,NV,48
6,Wa,NV,48
6,Wa,NV,48
6,Wa,NV,48
6,Wa,NV,48
6,Wa,NV,48
6,Wa,NV,48
6,Wa,NV,48
6,Wa,NV,48
6,Wa,NV,48
6,Wa,NV,48
6,Wa,NV,48
6,Wa,NV,48
6,Wa,NV,48
6,Wa,NV,48
6,Wa,NV,48
6,Wa,NV,48
6,Wa,NV,48
6,Wa,NV,48
6,Wa,NV,48
6,Wa,NV,48
6,Wa,NV,48
6,Wa,NV,48
6,Wa,NV,48
6,Wa,NV,48
6,Wa,NV,48
6,Wa,NV,48
6,Wa,NV,48
6,Wa,NV,48
6,Wa,NV,48
6,Wa,NV,48
6,Wa,NV,48
6,Wa,NV,48
6,Wa,NV,48
6,Wa,NV,48
6,Wa,NV,48
6,Wa,NV,48
6,Wa,NV,48
6,Wa,NV,48
6,Wa,NV,48
6,Wa,NV,48
6,Wa,NV,48
6,Wa,NV,48
6,Wa,NV,48
6,Wa,NV,48
6,Ra,V,1
6,Ra,NV,2
6,Ra,NV,2
6,Sha,V,32
6,Sha,V,32
6,Sha,V,32
6,Sha,V,32
6,Sha,V,32
6,Sha,V,32
6,Sha,V,32
6,Sha,V,32
6,Sha,V,32
6,Sha,V,32
6,Sha,V,32
6,Sha,V,32
6,Sha,V,32
6,Sha,V,32
6,Sha,V,32
6,Sha,V,32
6,Sha,V,32
6,Sha,V,32
6,Sha,V,32
6,Sha,V,32
6,Sha,V,32
6,Sha,V,32
6,Sha,V,32
6,Sha,V,32
6,Sha,V,32
6,Sha,V,32
6,Sha,V,32
6,Sha,V,32
6,Sha,V,32
6,Sha,V,32
6,Sha,V,32
6,Sha,V,32
6,Sha,NV,41
6,Sha,NV,41
6,Sha,NV,41
6,Sha,NV,41
6,Sha,NV,41
6,Sha,NV,41
6,Sha,NV,41
6,Sha,NV,41
6,Sha,NV,41
6,Sha,NV,41
6,Sha,NV,41
6,Sha,NV,41
6,Sha,NV,41
6,Sha,NV,41
6,Sha,NV,41
6,Sha,NV,41
6,Sha,NV,41
6,Sha,NV,41
6,Sha,NV,41
6,Sha,NV,41
6,Sha,NV,41
6,Sha,NV,41
6,Sha,NV,41
6,Sha,NV,41
6,Sha,NV,41
6,Sha,NV,41
6,Sha,NV,41
6,Sha,NV,41
6,Sha,NV,41
6,Sha,NV,41
6,Sha,NV,41
6,Sha,NV,41
6,Sha,NV,41
6,Sha,NV,41
6,Sha,NV,41
6,Sha,NV,41
6,Sha,NV,41
6,Sha,NV,41
6,Sha,NV,41
6,Sha,NV,41
6,Sha,NV,41
6,Ler,V,52
6,Ler,V,52
6,Ler,V,52
6,Ler,V,52
6,Ler,V,52
6,Ler,V,52
6,Ler,V,52
6,Ler,V,52
6,Ler,V,52
6,Ler,V,52
6,Ler,V,52
6,Ler,V,52
6,Ler,V,52
6,Ler,V,52
6,Ler,V,52
6,Ler,V,52
6,Ler,V,52
6,Ler,V,52
6,Ler,V,52
6,Ler,V,52
6,Ler,V,52
6,Ler,V,52
6,Ler,V,52
6,Ler,V,52
6,Ler,V,52
6,Ler,V,52
6,Ler,V,52
6,Ler,V,52
6,Ler,V,52
6,Ler,V,52
6,Ler,V,52
6,Ler,V,52
6,Ler,V,52
6,Ler,V,52
6,Ler,V,52
6,Ler,V,52
6,Ler,V,52
6,Ler,V,52
6,Ler,V,52
6,Ler,V,52
6,Ler,V,52
6,Ler,V,52
6,Ler,V,52
6,Ler,V,52
6,Ler,V,52
6,Ler,V,52
6,Ler,V,52
6,Ler,V,52
6,Ler,V,52
6,Ler,V,52
6,Ler,V,52
6,Ler,V,52
6,Ler,NV,62
6,Ler,NV,62
6,Ler,NV,62
6,Ler,NV,62
6,Ler,NV,62
6,Ler,NV,62
6,Ler,NV,62
6,Ler,NV,62
6,Ler,NV,62
6,Ler,NV,62
6,Ler,NV,62
6,Ler,NV,62
6,Ler,NV,62
6,Ler,NV,62
6,Ler,NV,62
6,Ler,NV,62
6,Ler,NV,62
6,Ler,NV,62
6,Ler,NV,62
6,Ler,NV,62
6,Ler,NV,62
6,Ler,NV,62
6,Ler,NV,62
6,Ler,NV,62
6,Ler,NV,62
6,Ler,NV,62
6,Ler,NV,62
6,Ler,NV,62
6,Ler,NV,62
6,Ler,NV,62
6,Ler,NV,62
6,Ler,NV,62
6,Ler,NV,62
6,Ler,NV,62
6,Ler,NV,62
6,Ler,NV,62
6,Ler,NV,62
6,Ler,NV,62
6,Ler,NV,62
6,Ler,NV,62
6,Ler,NV,62
6,Ler,NV,62
6,Ler,NV,62
6,Ler,NV,62
6,Ler,NV,62
6,Ler,NV,62
6,Ler,NV,62
6,Ler,NV,62
6,Ler,NV,62
6,Ler,NV,62
6,Ler,NV,62
6,Ler,NV,62
6,Ler,NV,62
6,Ler,NV,62
6,Ler,NV,62
6,Ler,NV,62
6,Ler,NV,62
6,Ler,NV,62
6,Ler,NV,62
6,Ler,NV,62
6,Ler,NV,62
6,Ler,NV,62
6,Oy,V,78
6,Oy,V,78
6,Oy,V,78
6,Oy,V,78
6,Oy,V,78
6,Oy,V,78
6,Oy,V,78
6,Oy,V,78
6,Oy,V,78
6,Oy,V,78
6,Oy,V,78
6,Oy,V,78
6,Oy,V,78
6,Oy,V,78
6,Oy,V,78
6,Oy,V,78
6,Oy,V,78
6,Oy,V,78
6,Oy,V,78
6,Oy,V,78
6,Oy,V,78
6,Oy,V,78
6,Oy,V,78
6,Oy,V,78
6,Oy,V,78
6,Oy,V,78
6,Oy,V,78
6,Oy,V,78
6,Oy,V,78
6,Oy,V,78
6,Oy,V,78
6,Oy,V,78
6,Oy,V,78
6,Oy,V,78
6,Oy,V,78
6,Oy,V,78
6,Oy,V,78
6,Oy,V,78
6,Oy,V,78
6,Oy,V,78
6,Oy,V,78
6,Oy,V,78
6,Oy,V,78
6,Oy,V,78
6,Oy,V,78
6,Oy,V,78
6,Oy,V,78
6,Oy,V,78
6,Oy,V,78
6,Oy,V,78
6,Oy,V,78
6,Oy,V,78
6,Oy,V,78
6,Oy,V,78
6,Oy,V,78
6,Oy,V,78
6,Oy,V,78
6,Oy,V,78
6,Oy,V,78
6,Oy,V,78
6,Oy,V,78
6,Oy,V,78
6,Oy,V,78
6,Oy,V,78
6,Oy,V,78
6,Oy,V,78
6,Oy,V,78
6,Oy,V,78
6,Oy,V,78
6,Oy,V,78
6,Oy,V,78
6,Oy,V,78
6,Oy,V,78
6,Oy,V,78
6,Oy,V,78
6,Oy,V,78
6,Oy,V,78
6,Oy,V,78
6,Oy,NV,47
6,Oy,NV,47
6,Oy,NV,47
6,Oy,NV,47
6,Oy,NV,47
6,Oy,NV,47
6,Oy,NV,47
6,Oy,NV,47
6,Oy,NV,47
6,Oy,NV,47
6,Oy,NV,47
6,Oy,NV,47
6,Oy,NV,47
6,Oy,NV,47
6,Oy,NV,47
6,Oy,NV,47
6,Oy,NV,47
6,Oy,NV,47
6,Oy,NV,47
6,Oy,NV,47
6,Oy,NV,47
6,Oy,NV,47
6,Oy,NV,47
6,Oy,NV,47
6,Oy,NV,47
6,Oy,NV,47
6,Oy,NV,47
6,Oy,NV,47
6,Oy,NV,47
6,Oy,NV,47
6,Oy,NV,47
6,Oy,NV,47
6,Oy,NV,47
6,Oy,NV,47
6,Oy,NV,47
6,Oy,NV,47
6,Oy,NV,47
6,Oy,NV,47
6,Oy,NV,47
6,Oy,NV,47
6,Oy,NV,47
6,Oy,NV,47
6,Oy,NV,47
6,Oy,NV,47
6,Oy,NV,47
6,Oy,NV,47
6,Oy,NV,47
6,Tu,V,54
6,Tu,V,54
6,Tu,V,54
6,Tu,V,54
6,Tu,V,54
6,Tu,V,54
6,Tu,V,54
6,Tu,V,54
6,Tu,V,54
6,Tu,V,54
6,Tu,V,54
6,Tu,V,54
6,Tu,V,54
6,Tu,V,54
6,Tu,V,54
6,Tu,V,54
6,Tu,V,54
6,Tu,V,54
6,Tu,V,54
6,Tu,V,54
6,Tu,V,54
6,Tu,V,54
6,Tu,V,54
6,Tu,V,54
6,Tu,V,54
6,Tu,V,54
6,Tu,V,54
6,Tu,V,54
6,Tu,V,54
6,Tu,V,54
6,Tu,V,54
6,Tu,V,54
6,Tu,V,54
6,Tu,V,54
6,Tu,V,54
6,Tu,V,54
6,Tu,V,54
6,Tu,V,54
6,Tu,V,54
6,Tu,V,54
6,Tu,V,54
6,Tu,V,54
6,Tu,V,54
6,Tu,V,54
6,Tu,V,54
6,Tu,V,54
6,Tu,V,54
6,Tu,V,54
6,Tu,V,54
6,Tu,V,54
6,Tu,V,54
6,Tu,V,54
6,Tu,V,54
6,Tu,V,54
6,Tu,NV,73
6,Tu,NV,73
6,Tu,NV,73
6,Tu,NV,73
6,Tu,NV,73
6,Tu,NV,73
6,Tu,NV,73
6,Tu,NV,73
6,Tu,NV,73
6,Tu,NV,73
6,Tu,NV,73
6,Tu,NV,73
6,Tu,NV,73
6,Tu,NV,73
6,Tu,NV,73
6,Tu,NV,73
6,Tu,NV,73
6,Tu,NV,73
6,Tu,NV,73
6,Tu,NV,73
6,Tu,NV,73
6,Tu,NV,73
6,Tu,NV,73
6,Tu,NV,73
6,Tu,NV,73
6,Tu,NV,73
6,Tu,NV,73
6,Tu,NV,73
6,Tu,NV,73
6,Tu,NV,73
6,Tu,NV,73
6,Tu,NV,73
6,Tu,NV,73
6,Tu,NV,73
6,Tu,NV,73
6,Tu,NV,73
6,Tu,NV,73
6,Tu,NV,73
6,Tu,NV,73
6,Tu,NV,73
6,Tu,NV,73
6,Tu,NV,73
6,Tu,NV,73
6,Tu,NV,73
6,Tu,NV,73
6,Tu,NV,73
6,Tu,NV,73
6,Tu,NV,73
6,Tu,NV,73
6,Tu,NV,73
6,Tu,NV,73
6,Tu,NV,73
6,Tu,NV,73
6,Tu,NV,73
6,Tu,NV,73
6,Tu,NV,73
6,Tu,NV,73
6,Tu,NV,73
6,Tu,NV,73
6,Tu,NV,73
6,Tu,NV,73
6,Tu,NV,73
6,Tu,NV,73
6,Tu,NV,73
6,Tu,NV,73
6,Tu,NV,73
6,Tu,NV,73
6,Tu,NV,73
6,Tu,NV,73
6,Tu,NV,73
6,Tu,NV,73
6,Tu,NV,73
6,Tu,NV,73
6,Ws,V,14
6,Ws,V,14
6,Ws,V,14
6,Ws,V,14
6,Ws,V,14
6,Ws,V,14
6,Ws,V,14
6,Ws,V,14
6,Ws,V,14
6,Ws,V,14
6,Ws,V,14
6,Ws,V,14
6,Ws,V,14
6,Ws,V,14
6,Ws,NV,6
6,Ws,NV,6
6,Ws,NV,6
6,Ws,NV,6
6,Ws,NV,6
6,Ws,NV,6
6,Cen,V,28
6,Cen,V,28
6,Cen,V,28
6,Cen,V,28
6,Cen,V,28
6,Cen,V,28
6,Cen,V,28
6,Cen,V,28
6,Cen,V,28
6,Cen,V,28
6,Cen,V,28
6,Cen,V,28
6,Cen,V,28
6,Cen,V,28
6,Cen,V,28
6,Cen,V,28
6,Cen,V,28
6,Cen,V,28
6,Cen,V,28
6,Cen,V,28
6,Cen,V,28
6,Cen,V,28
6,Cen,V,28
6,Cen,V,28
6,Cen,V,28
6,Cen,V,28
6,Cen,V,28
6,Cen,V,28
6,Cen,NV,47
6,Cen,NV,47
6,Cen,NV,47
6,Cen,NV,47
6,Cen,NV,47
6,Cen,NV,47
6,Cen,NV,47
6,Cen,NV,47
6,Cen,NV,47
6,Cen,NV,47
6,Cen,NV,47
6,Cen,NV,47
6,Cen,NV,47
6,Cen,NV,47
6,Cen,NV,47
6,Cen,NV,47
6,Cen,NV,47
6,Cen,NV,47
6,Cen,NV,47
6,Cen,NV,47
6,Cen,NV,47
6,Cen,NV,47
6,Cen,NV,47
6,Cen,NV,47
6,Cen,NV,47
6,Cen,NV,47
6,Cen,NV,47
6,Cen,NV,47
6,Cen,NV,47
6,Cen,NV,47
6,Cen,NV,47
6,Cen,NV,47
6,Cen,NV,47
6,Cen,NV,47
6,Cen,NV,47
6,Cen,NV,47
6,Cen,NV,47
6,Cen,NV,47
6,Cen,NV,47
6,Cen,NV,47
6,Cen,NV,47
6,Cen,NV,47
6,Cen,NV,47
6,Cen,NV,47
6,Cen,NV,47
6,Cen,NV,47
6,Cen,NV,47
6,Omo,NV,2
6,Omo,NV,2
11,Wa,V,5
11,Wa,V,5
11,Wa,V,5
11,Wa,V,5
11,Wa,V,5
11,Wa,NV,28
11,Wa,NV,28
11,Wa,NV,28
11,Wa,NV,28
11,Wa,NV,28
11,Wa,NV,28
11,Wa,NV,28
11,Wa,NV,28
11,Wa,NV,28
11,Wa,NV,28
11,Wa,NV,28
11,Wa,NV,28
11,Wa,NV,28
11,Wa,NV,28
11,Wa,NV,28
11,Wa,NV,28
11,Wa,NV,28
11,Wa,NV,28
11,Wa,NV,28
11,Wa,NV,28
11,Wa,NV,28
11,Wa,NV,28
11,Wa,NV,28
11,Wa,NV,28
11,Wa,NV,28
11,Wa,NV,28
11,Wa,NV,28
11,Wa,NV,28
11,Ra,V,1
11,Ra,NV,3
11,Ra,NV,3
11,Ra,NV,3
11,Sha,V,32
11,Sha,V,32
11,Sha,V,32
11,Sha,V,32
11,Sha,V,32
11,Sha,V,32
11,Sha,V,32
11,Sha,V,32
11,Sha,V,32
11,Sha,V,32
11,Sha,V,32
11,Sha,V,32
11,Sha,V,32
11,Sha,V,32
11,Sha,V,32
11,Sha,V,32
11,Sha,V,32
11,Sha,V,32
11,Sha,V,32
11,Sha,V,32
11,Sha,V,32
11,Sha,V,32
11,Sha,V,32
11,Sha,V,32
11,Sha,V,32
11,Sha,V,32
11,Sha,V,32
11,Sha,V,32
11,Sha,V,32
11,Sha,V,32
11,Sha,V,32
11,Sha,V,32
11,Sha,NV,22
11,Sha,NV,22
11,Sha,NV,22
11,Sha,NV,22
11,Sha,NV,22
11,Sha,NV,22
11,Sha,NV,22
11,Sha,NV,22
11,Sha,NV,22
11,Sha,NV,22
11,Sha,NV,22
11,Sha,NV,22
11,Sha,NV,22
11,Sha,NV,22
11,Sha,NV,22
11,Sha,NV,22
11,Sha,NV,22
11,Sha,NV,22
11,Sha,NV,22
11,Sha,NV,22
11,Sha,NV,22
11,Sha,NV,22
11,Ler,V,7
11,Ler,V,7
11,Ler,V,7
11,Ler,V,7
11,Ler,V,7
11,Ler,V,7
11,Ler,V,7
11,Ler,NV,9
11,Ler,NV,9
11,Ler,NV,9
11,Ler,NV,9
11,Ler,NV,9
11,Ler,NV,9
11,Ler,NV,9
11,Ler,NV,9
11,Ler,NV,9
11,Oy,V,4
11,Oy,V,4
11,Oy,V,4
11,Oy,V,4
11,Oy,NV,9
11,Oy,NV,9
11,Oy,NV,9
11,Oy,NV,9
11,Oy,NV,9
11,Oy,NV,9
11,Oy,NV,9
11,Oy,NV,9
11,Oy,NV,9
11,Cvi,NV,1
11,Tu,V,5
11,Tu,V,5
11,Tu,V,5
11,Tu,V,5
11,Tu,V,5
11,Tu,NV,2
11,Tu,NV,2
11,Ws,V,10
11,Ws,V,10
11,Ws,V,10
11,Ws,V,10
11,Ws,V,10
11,Ws,V,10
11,Ws,V,10
11,Ws,V,10
11,Ws,V,10
11,Ws,V,10
11,Ws,NV,5
11,Ws,NV,5
11,Ws,NV,5
11,Ws,NV,5
11,Ws,NV,5
11,Cen,V,12
11,Cen,V,12
11,Cen,V,12
11,Cen,V,12
11,Cen,V,12
11,Cen,V,12
11,Cen,V,12
11,Cen,V,12
11,Cen,V,12
11,Cen,V,12
11,Cen,V,12
11,Cen,V,12
11,Cen,NV,5
11,Cen,NV,5
11,Cen,NV,5
11,Cen,NV,5
11,Cen,NV,5
11,Omo,V,1
19,Wa,V,3
19,Wa,V,3
19,Wa,V,3
19,Ra,V,5
19,Ra,V,5
19,Ra,V,5
19,Ra,V,5
19,Ra,V,5
19,Sha,NV,1
19,Ler,V,3
19,Ler,V,3
19,Ler,V,3
19,Ler,NV,1
19,Oy,V,2
19,Oy,V,2
19,Oy,NV,1
19,Tu,V,1
19,Tu,NV,2
19,Tu,NV,2
19,Ws,V,2
19,Ws,V,2
19,Ws,NV,1
19,Cen,V,2
19,Cen,V,2
19,Cen,NV,2
19,Cen,NV,2
19,Omo,NV,1
24,Cen,V,1
24,Cen,NV,1
35,Wa,V,29
35,Wa,V,29
35,Wa,V,29
35,Wa,V,29
35,Wa,V,29
35,Wa,V,29
35,Wa,V,29
35,Wa,V,29
35,Wa,V,29
35,Wa,V,29
35,Wa,V,29
35,Wa,V,29
35,Wa,V,29
35,Wa,V,29
35,Wa,V,29
35,Wa,V,29
35,Wa,V,29
35,Wa,V,29
35,Wa,V,29
35,Wa,V,29
35,Wa,V,29
35,Wa,V,29
35,Wa,V,29
35,Wa,V,29
35,Wa,V,29
35,Wa,V,29
35,Wa,V,29
35,Wa,V,29
35,Wa,V,29
35,Wa,NV,17
35,Wa,NV,17
35,Wa,NV,17
35,Wa,NV,17
35,Wa,NV,17
35,Wa,NV,17
35,Wa,NV,17
35,Wa,NV,17
35,Wa,NV,17
35,Wa,NV,17
35,Wa,NV,17
35,Wa,NV,17
35,Wa,NV,17
35,Wa,NV,17
35,Wa,NV,17
35,Wa,NV,17
35,Wa,NV,17
35,Ra,V,94
35,Ra,V,94
35,Ra,V,94
35,Ra,V,94
35,Ra,V,94
35,Ra,V,94
35,Ra,V,94
35,Ra,V,94
35,Ra,V,94
35,Ra,V,94
35,Ra,V,94
35,Ra,V,94
35,Ra,V,94
35,Ra,V,94
35,Ra,V,94
35,Ra,V,94
35,Ra,V,94
35,Ra,V,94
35,Ra,V,94
35,Ra,V,94
35,Ra,V,94
35,Ra,V,94
35,Ra,V,94
35,Ra,V,94
35,Ra,V,94
35,Ra,V,94
35,Ra,V,94
35,Ra,V,94
35,Ra,V,94
35,Ra,V,94
35,Ra,V,94
35,Ra,V,94
35,Ra,V,94
35,Ra,V,94
35,Ra,V,94
35,Ra,V,94
35,Ra,V,94
35,Ra,V,94
35,Ra,V,94
35,Ra,V,94
35,Ra,V,94
35,Ra,V,94
35,Ra,V,94
35,Ra,V,94
35,Ra,V,94
35,Ra,V,94
35,Ra,V,94
35,Ra,V,94
35,Ra,V,94
35,Ra,V,94
35,Ra,V,94
35,Ra,V,94
35,Ra,V,94
35,Ra,V,94
35,Ra,V,94
35,Ra,V,94
35,Ra,V,94
35,Ra,V,94
35,Ra,V,94
35,Ra,V,94
35,Ra,V,94
35,Ra,V,94
35,Ra,V,94
35,Ra,V,94
35,Ra,V,94
35,Ra,V,94
35,Ra,V,94
35,Ra,V,94
35,Ra,V,94
35,Ra,V,94
35,Ra,V,94
35,Ra,V,94
35,Ra,V,94
35,Ra,V,94
35,Ra,V,94
35,Ra,V,94
35,Ra,V,94
35,Ra,V,94
35,Ra,V,94
35,Ra,V,94
35,Ra,V,94
35,Ra,V,94
35,Ra,V,94
35,Ra,V,94
35,Ra,V,94
35,Ra,V,94
35,Ra,V,94
35,Ra,V,94
35,Ra,V,94
35,Ra,V,94
35,Ra,V,94
35,Ra,V,94
35,Ra,V,94
35,Ra,V,94
35,Ra,NV,76
35,Ra,NV,76
35,Ra,NV,76
35,Ra,NV,76
35,Ra,NV,76
35,Ra,NV,76
35,Ra,NV,76
35,Ra,NV,76
35,Ra,NV,76
35,Ra,NV,76
35,Ra,NV,76
35,Ra,NV,76
35,Ra,NV,76
35,Ra,NV,76
35,Ra,NV,76
35,Ra,NV,76
35,Ra,NV,76
35,Ra,NV,76
35,Ra,NV,76
35,Ra,NV,76
35,Ra,NV,76
35,Ra,NV,76
35,Ra,NV,76
35,Ra,NV,76
35,Ra,NV,76
35,Ra,NV,76
35,Ra,NV,76
35,Ra,NV,76
35,Ra,NV,76
35,Ra,NV,76
35,Ra,NV,76
35,Ra,NV,76
35,Ra,NV,76
35,Ra,NV,76
35,Ra,NV,76
35,Ra,NV,76
35,Ra,NV,76
35,Ra,NV,76
35,Ra,NV,76
35,Ra,NV,76
35,Ra,NV,76
35,Ra,NV,76
35,Ra,NV,76
35,Ra,NV,76
35,Ra,NV,76
35,Ra,NV,76
35,Ra,NV,76
35,Ra,NV,76
35,Ra,NV,76
35,Ra,NV,76
35,Ra,NV,76
35,Ra,NV,76
35,Ra,NV,76
35,Ra,NV,76
35,Ra,NV,76
35,Ra,NV,76
35,Ra,NV,76
35,Ra,NV,76
35,Ra,NV,76
35,Ra,NV,76
35,Ra,NV,76
35,Ra,NV,76
35,Ra,NV,76
35,Ra,NV,76
35,Ra,NV,76
35,Ra,NV,76
35,Ra,NV,76
35,Ra,NV,76
35,Ra,NV,76
35,Ra,NV,76
35,Ra,NV,76
35,Ra,NV,76
35,Ra,NV,76
35,Ra,NV,76
35,Ra,NV,76
35,Ra,NV,76
35,Sha,V,27
35,Sha,V,27
35,Sha,V,27
35,Sha,V,27
35,Sha,V,27
35,Sha,V,27
35,Sha,V,27
35,Sha,V,27
35,Sha,V,27
35,Sha,V,27
35,Sha,V,27
35,Sha,V,27
35,Sha,V,27
35,Sha,V,27
35,Sha,V,27
35,Sha,V,27
35,Sha,V,27
35,Sha,V,27
35,Sha,V,27
35,Sha,V,27
35,Sha,V,27
35,Sha,V,27
35,Sha,V,27
35,Sha,V,27
35,Sha,V,27
35,Sha,V,27
35,Sha,V,27
35,Sha,NV,27
35,Sha,NV,27
35,Sha,NV,27
35,Sha,NV,27
35,Sha,NV,27
35,Sha,NV,27
35,Sha,NV,27
35,Sha,NV,27
35,Sha,NV,27
35,Sha,NV,27
35,Sha,NV,27
35,Sha,NV,27
35,Sha,NV,27
35,Sha,NV,27
35,Sha,NV,27
35,Sha,NV,27
35,Sha,NV,27
35,Sha,NV,27
35,Sha,NV,27
35,Sha,NV,27
35,Sha,NV,27
35,Sha,NV,27
35,Sha,NV,27
35,Sha,NV,27
35,Sha,NV,27
35,Sha,NV,27
35,Sha,NV,27
35,Ler,V,38
35,Ler,V,38
35,Ler,V,38
35,Ler,V,38
35,Ler,V,38
35,Ler,V,38
35,Ler,V,38
35,Ler,V,38
35,Ler,V,38
35,Ler,V,38
35,Ler,V,38
35,Ler,V,38
35,Ler,V,38
35,Ler,V,38
35,Ler,V,38
35,Ler,V,38
35,Ler,V,38
35,Ler,V,38
35,Ler,V,38
35,Ler,V,38
35,Ler,V,38
35,Ler,V,38
35,Ler,V,38
35,Ler,V,38
35,Ler,V,38
35,Ler,V,38
35,Ler,V,38
35,Ler,V,38
35,Ler,V,38
35,Ler,V,38
35,Ler,V,38
35,Ler,V,38
35,Ler,V,38
35,Ler,V,38
35,Ler,V,38
35,Ler,V,38
35,Ler,V,38
35,Ler,V,38
35,Ler,NV,20
35,Ler,NV,20
35,Ler,NV,20
35,Ler,NV,20
35,Ler,NV,20
35,Ler,NV,20
35,Ler,NV,20
35,Ler,NV,20
35,Ler,NV,20
35,Ler,NV,20
35,Ler,NV,20
35,Ler,NV,20
35,Ler,NV,20
35,Ler,NV,20
35,Ler,NV,20
35,Ler,NV,20
35,Ler,NV,20
35,Ler,NV,20
35,Ler,NV,20
35,Ler,NV,20
35,Oy,V,14
35,Oy,V,14
35,Oy,V,14
35,Oy,V,14
35,Oy,V,14
35,Oy,V,14
35,Oy,V,14
35,Oy,V,14
35,Oy,V,14
35,Oy,V,14
35,Oy,V,14
35,Oy,V,14
35,Oy,V,14
35,Oy,V,14
35,Oy,NV,26
35,Oy,NV,26
35,Oy,NV,26
35,Oy,NV,26
35,Oy,NV,26
35,Oy,NV,26
35,Oy,NV,26
35,Oy,NV,26
35,Oy,NV,26
35,Oy,NV,26
35,Oy,NV,26
35,Oy,NV,26
35,Oy,NV,26
35,Oy,NV,26
35,Oy,NV,26
35,Oy,NV,26
35,Oy,NV,26
35,Oy,NV,26
35,Oy,NV,26
35,Oy,NV,26
35,Oy,NV,26
35,Oy,NV,26
35,Oy,NV,26
35,Oy,NV,26
35,Oy,NV,26
35,Oy,NV,26
35,Cvi,V,23
35,Cvi,V,23
35,Cvi,V,23
35,Cvi,V,23
35,Cvi,V,23
35,Cvi,V,23
35,Cvi,V,23
35,Cvi,V,23
35,Cvi,V,23
35,Cvi,V,23
35,Cvi,V,23
35,Cvi,V,23
35,Cvi,V,23
35,Cvi,V,23
35,Cvi,V,23
35,Cvi,V,23
35,Cvi,V,23
35,Cvi,V,23
35,Cvi,V,23
35,Cvi,V,23
35,Cvi,V,23
35,Cvi,V,23
35,Cvi,V,23
35,Cvi,NV,18
35,Cvi,NV,18
35,Cvi,NV,18
35,Cvi,NV,18
35,Cvi,NV,18
35,Cvi,NV,18
35,Cvi,NV,18
35,Cvi,NV,18
35,Cvi,NV,18
35,Cvi,NV,18
35,Cvi,NV,18
35,Cvi,NV,18
35,Cvi,NV,18
35,Cvi,NV,18
35,Cvi,NV,18
35,Cvi,NV,18
35,Cvi,NV,18
35,Cvi,NV,18
35,Tu,V,35
35,Tu,V,35
35,Tu,V,35
35,Tu,V,35
35,Tu,V,35
35,Tu,V,35
35,Tu,V,35
35,Tu,V,35
35,Tu,V,35
35,Tu,V,35
35,Tu,V,35
35,Tu,V,35
35,Tu,V,35
35,Tu,V,35
35,Tu,V,35
35,Tu,V,35
35,Tu,V,35
35,Tu,V,35
35,Tu,V,35
35,Tu,V,35
35,Tu,V,35
35,Tu,V,35
35,Tu,V,35
35,Tu,V,35
35,Tu,V,35
35,Tu,V,35
35,Tu,V,35
35,Tu,V,35
35,Tu,V,35
35,Tu,V,35
35,Tu,V,35
35,Tu,V,35
35,Tu,V,35
35,Tu,V,35
35,Tu,V,35
35,Tu,NV,23
35,Tu,NV,23
35,Tu,NV,23
35,Tu,NV,23
35,Tu,NV,23
35,Tu,NV,23
35,Tu,NV,23
35,Tu,NV,23
35,Tu,NV,23
35,Tu,NV,23
35,Tu,NV,23
35,Tu,NV,23
35,Tu,NV,23
35,Tu,NV,23
35,Tu,NV,23
35,Tu,NV,23
35,Tu,NV,23
35,Tu,NV,23
35,Tu,NV,23
35,Tu,NV,23
35,Tu,NV,23
35,Tu,NV,23
35,Tu,NV,23
35,Ws,V,64
35,Ws,V,64
35,Ws,V,64
35,Ws,V,64
35,Ws,V,64
35,Ws,V,64
35,Ws,V,64
35,Ws,V,64
35,Ws,V,64
35,Ws,V,64
35,Ws,V,64
35,Ws,V,64
35,Ws,V,64
35,Ws,V,64
35,Ws,V,64
35,Ws,V,64
35,Ws,V,64
35,Ws,V,64
35,Ws,V,64
35,Ws,V,64
35,Ws,V,64
35,Ws,V,64
35,Ws,V,64
35,Ws,V,64
35,Ws,V,64
35,Ws,V,64
35,Ws,V,64
35,Ws,V,64
35,Ws,V,64
35,Ws,V,64
35,Ws,V,64
35,Ws,V,64
35,Ws,V,64
35,Ws,V,64
35,Ws,V,64
35,Ws,V,64
35,Ws,V,64
35,Ws,V,64
35,Ws,V,64
35,Ws,V,64
35,Ws,V,64
35,Ws,V,64
35,Ws,V,64
35,Ws,V,64
35,Ws,V,64
35,Ws,V,64
35,Ws,V,64
35,Ws,V,64
35,Ws,V,64
35,Ws,V,64
35,Ws,V,64
35,Ws,V,64
35,Ws,V,64
35,Ws,V,64
35,Ws,V,64
35,Ws,V,64
35,Ws,V,64
35,Ws,V,64
35,Ws,V,64
35,Ws,V,64
35,Ws,V,64
35,Ws,V,64
35,Ws,V,64
35,Ws,V,64
35,Ws,NV,93
35,Ws,NV,93
35,Ws,NV,93
35,Ws,NV,93
35,Ws,NV,93
35,Ws,NV,93
35,Ws,NV,93
35,Ws,NV,93
35,Ws,NV,93
35,Ws,NV,93
35,Ws,NV,93
35,Ws,NV,93
35,Ws,NV,93
35,Ws,NV,93
35,Ws,NV,93
35,Ws,NV,93
35,Ws,NV,93
35,Ws,NV,93
35,Ws,NV,93
35,Ws,NV,93
35,Ws,NV,93
35,Ws,NV,93
35,Ws,NV,93
35,Ws,NV,93
35,Ws,NV,93
35,Ws,NV,93
35,Ws,NV,93
35,Ws,NV,93
35,Ws,NV,93
35,Ws,NV,93
35,Ws,NV,93
35,Ws,NV,93
35,Ws,NV,93
35,Ws,NV,93
35,Ws,NV,93
35,Ws,NV,93
35,Ws,NV,93
35,Ws,NV,93
35,Ws,NV,93
35,Ws,NV,93
35,Ws,NV,93
35,Ws,NV,93
35,Ws,NV,93
35,Ws,NV,93
35,Ws,NV,93
35,Ws,NV,93
35,Ws,NV,93
35,Ws,NV,93
35,Ws,NV,93
35,Ws,NV,93
35,Ws,NV,93
35,Ws,NV,93
35,Ws,NV,93
35,Ws,NV,93
35,Ws,NV,93
35,Ws,NV,93
35,Ws,NV,93
35,Ws,NV,93
35,Ws,NV,93
35,Ws,NV,93
35,Ws,NV,93
35,Ws,NV,93
35,Ws,NV,93
35,Ws,NV,93
35,Ws,NV,93
35,Ws,NV,93
35,Ws,NV,93
35,Ws,NV,93
35,Ws,NV,93
35,Ws,NV,93
35,Ws,NV,93
35,Ws,NV,93
35,Ws,NV,93
35,Ws,NV,93
35,Ws,NV,93
35,Ws,NV,93
35,Ws,NV,93
35,Ws,NV,93
35,Ws,NV,93
35,Ws,NV,93
35,Ws,NV,93
35,Ws,NV,93
35,Ws,NV,93
35,Ws,NV,93
35,Ws,NV,93
35,Ws,NV,93
35,Ws,NV,93
35,Ws,NV,93
35,Ws,NV,93
35,Ws,NV,93
35,Ws,NV,93
35,Ws,NV,93
35,Ws,NV,93
35,Cen,V,48
35,Cen,V,48
35,Cen,V,48
35,Cen,V,48
35,Cen,V,48
35,Cen,V,48
35,Cen,V,48
35,Cen,V,48
35,Cen,V,48
35,Cen,V,48
35,Cen,V,48
35,Cen,V,48
35,Cen,V,48
35,Cen,V,48
35,Cen,V,48
35,Cen,V,48
35,Cen,V,48
35,Cen,V,48
35,Cen,V,48
35,Cen,V,48
35,Cen,V,48
35,Cen,V,48
35,Cen,V,48
35,Cen,V,48
35,Cen,V,48
35,Cen,V,48
35,Cen,V,48
35,Cen,V,48
35,Cen,V,48
35,Cen,V,48
35,Cen,V,48
35,Cen,V,48
35,Cen,V,48
35,Cen,V,48
35,Cen,V,48
35,Cen,V,48
35,Cen,V,48
35,Cen,V,48
35,Cen,V,48
35,Cen,V,48
35,Cen,V,48
35,Cen,V,48
35,Cen,V,48
35,Cen,V,48
35,Cen,V,48
35,Cen,V,48
35,Cen,V,48
35,Cen,V,48
35,Cen,NV,38
35,Cen,NV,38
35,Cen,NV,38
35,Cen,NV,38
35,Cen,NV,38
35,Cen,NV,38
35,Cen,NV,38
35,Cen,NV,38
35,Cen,NV,38
35,Cen,NV,38
35,Cen,NV,38
35,Cen,NV,38
35,Cen,NV,38
35,Cen,NV,38
35,Cen,NV,38
35,Cen,NV,38
35,Cen,NV,38
35,Cen,NV,38
35,Cen,NV,38
35,Cen,NV,38
35,Cen,NV,38
35,Cen,NV,38
35,Cen,NV,38
35,Cen,NV,38
35,Cen,NV,38
35,Cen,NV,38
35,Cen,NV,38
35,Cen,NV,38
35,Cen,NV,38
35,Cen,NV,38
35,Cen,NV,38
35,Cen,NV,38
35,Cen,NV,38
35,Cen,NV,38
35,Cen,NV,38
35,Cen,NV,38
35,Cen,NV,38
35,Cen,NV,38
35,Omo,V,98
35,Omo,V,98
35,Omo,V,98
35,Omo,V,98
35,Omo,V,98
35,Omo,V,98
35,Omo,V,98
35,Omo,V,98
35,Omo,V,98
35,Omo,V,98
35,Omo,V,98
35,Omo,V,98
35,Omo,V,98
35,Omo,V,98
35,Omo,V,98
35,Omo,V,98
35,Omo,V,98
35,Omo,V,98
35,Omo,V,98
35,Omo,V,98
35,Omo,V,98
35,Omo,V,98
35,Omo,V,98
35,Omo,V,98
35,Omo,V,98
35,Omo,V,98
35,Omo,V,98
35,Omo,V,98
35,Omo,V,98
35,Omo,V,98
35,Omo,V,98
35,Omo,V,98
35,Omo,V,98
35,Omo,V,98
35,Omo,V,98
35,Omo,V,98
35,Omo,V,98
35,Omo,V,98
35,Omo,V,98
35,Omo,V,98
35,Omo,V,98
35,Omo,V,98
35,Omo,V,98
35,Omo,V,98
35,Omo,V,98
35,Omo,V,98
35,Omo,V,98
35,Omo,V,98
35,Omo,V,98
35,Omo,V,98
35,Omo,V,98
35,Omo,V,98
35,Omo,V,98
35,Omo,V,98
35,Omo,V,98
35,Omo,V,98
35,Omo,V,98
35,Omo,V,98
35,Omo,V,98
35,Omo,V,98
35,Omo,V,98
35,Omo,V,98
35,Omo,V,98
35,Omo,V,98
35,Omo,V,98
35,Omo,V,98
35,Omo,V,98
35,Omo,V,98
35,Omo,V,98
35,Omo,V,98
35,Omo,V,98
35,Omo,V,98
35,Omo,V,98
35,Omo,V,98
35,Omo,V,98
35,Omo,V,98
35,Omo,V,98
35,Omo,V,98
35,Omo,V,98
35,Omo,V,98
35,Omo,V,98
35,Omo,V,98
35,Omo,V,98
35,Omo,V,98
35,Omo,V,98
35,Omo,V,98
35,Omo,V,98
35,Omo,V,98
35,Omo,V,98
35,Omo,V,98
35,Omo,V,98
35,Omo,V,98
35,Omo,V,98
35,Omo,V,98
35,Omo,V,98
35,Omo,V,98
35,Omo,V,98
35,Omo,V,98
35,Omo,NV,83
35,Omo,NV,83
35,Omo,NV,83
35,Omo,NV,83
35,Omo,NV,83
35,Omo,NV,83
35,Omo,NV,83
35,Omo,NV,83
35,Omo,NV,83
35,Omo,NV,83
35,Omo,NV,83
35,Omo,NV,83
35,Omo,NV,83
35,Omo,NV,83
35,Omo,NV,83
35,Omo,NV,83
35,Omo,NV,83
35,Omo,NV,83
35,Omo,NV,83
35,Omo,NV,83
35,Omo,NV,83
35,Omo,NV,83
35,Omo,NV,83
35,Omo,NV,83
35,Omo,NV,83
35,Omo,NV,83
35,Omo,NV,83
35,Omo,NV,83
35,Omo,NV,83
35,Omo,NV,83
35,Omo,NV,83
35,Omo,NV,83
35,Omo,NV,83
35,Omo,NV,83
35,Omo,NV,83
35,Omo,NV,83
35,Omo,NV,83
35,Omo,NV,83
35,Omo,NV,83
35,Omo,NV,83
35,Omo,NV,83
35,Omo,NV,83
35,Omo,NV,83
35,Omo,NV,83
35,Omo,NV,83
35,Omo,NV,83
35,Omo,NV,83
35,Omo,NV,83
35,Omo,NV,83
35,Omo,NV,83
35,Omo,NV,83
35,Omo,NV,83
35,Omo,NV,83
35,Omo,NV,83
35,Omo,NV,83
35,Omo,NV,83
35,Omo,NV,83
35,Omo,NV,83
35,Omo,NV,83
35,Omo,NV,83
35,Omo,NV,83
35,Omo,NV,83
35,Omo,NV,83
35,Omo,NV,83
35,Omo,NV,83
35,Omo,NV,83
35,Omo,NV,83
35,Omo,NV,83
35,Omo,NV,83
35,Omo,NV,83
35,Omo,NV,83
35,Omo,NV,83
35,Omo,NV,83
35,Omo,NV,83
35,Omo,NV,83
35,Omo,NV,83
35,Omo,NV,83
35,Omo,NV,83
35,Omo,NV,83
35,Omo,NV,83
35,Omo,NV,83
35,Omo,NV,83
35,Omo,NV,83
42,Wa,V,1
42,Wa,NV,2
42,Wa,NV,2
42,Ra,V,5
42,Ra,V,5
42,Ra,V,5
42,Ra,V,5
42,Ra,V,5
42,Ra,NV,19
42,Ra,NV,19
42,Ra,NV,19
42,Ra,NV,19
42,Ra,NV,19
42,Ra,NV,19
42,Ra,NV,19
42,Ra,NV,19
42,Ra,NV,19
42,Ra,NV,19
42,Ra,NV,19
42,Ra,NV,19
42,Ra,NV,19
42,Ra,NV,19
42,Ra,NV,19
42,Ra,NV,19
42,Ra,NV,19
42,Ra,NV,19
42,Ra,NV,19
42,Sha,V,3
42,Sha,V,3
42,Sha,V,3
42,Sha,NV,1
42,Oy,V,2
42,Oy,V,2
42,Oy,NV,2
42,Oy,NV,2
42,Cvi,V,21
42,Cvi,V,21
42,Cvi,V,21
42,Cvi,V,21
42,Cvi,V,21
42,Cvi,V,21
42,Cvi,V,21
42,Cvi,V,21
42,Cvi,V,21
42,Cvi,V,21
42,Cvi,V,21
42,Cvi,V,21
42,Cvi,V,21
42,Cvi,V,21
42,Cvi,V,21
42,Cvi,V,21
42,Cvi,V,21
42,Cvi,V,21
42,Cvi,V,21
42,Cvi,V,21
42,Cvi,V,21
42,Cvi,NV,19
42,Cvi,NV,19
42,Cvi,NV,19
42,Cvi,NV,19
42,Cvi,NV,19
42,Cvi,NV,19
42,Cvi,NV,19
42,Cvi,NV,19
42,Cvi,NV,19
42,Cvi,NV,19
42,Cvi,NV,19
42,Cvi,NV,19
42,Cvi,NV,19
42,Cvi,NV,19
42,Cvi,NV,19
42,Cvi,NV,19
42,Cvi,NV,19
42,Cvi,NV,19
42,Cvi,NV,19
42,Tu,V,1
42,Ws,V,3
42,Ws,V,3
42,Ws,V,3
42,Ws,NV,5
42,Ws,NV,5
42,Ws,NV,5
42,Ws,NV,5
42,Ws,NV,5
42,Cen,V,6
42,Cen,V,6
42,Cen,V,6
42,Cen,V,6
42,Cen,V,6
42,Cen,V,6
42,Cen,NV,1
42,Omo,V,9
42,Omo,V,9
42,Omo,V,9
42,Omo,V,9
42,Omo,V,9
42,Omo,V,9
42,Omo,V,9
42,Omo,V,9
42,Omo,V,9
42,Omo,NV,21
42,Omo,NV,21
42,Omo,NV,21
42,Omo,NV,21
42,Omo,NV,21
42,Omo,NV,21
42,Omo,NV,21
42,Omo,NV,21
42,Omo,NV,21
42,Omo,NV,21
42,Omo,NV,21
42,Omo,NV,21
42,Omo,NV,21
42,Omo,NV,21
42,Omo,NV,21
42,Omo,NV,21
42,Omo,NV,21
42,Omo,NV,21
42,Omo,NV,21
42,Omo,NV,21
42,Omo,NV,21
45,Ra,NV,1
45,Cvi,V,14
45,Cvi,V,14
45,Cvi,V,14
45,Cvi,V,14
45,Cvi,V,14
45,Cvi,V,14
45,Cvi,V,14
45,Cvi,V,14
45,Cvi,V,14
45,Cvi,V,14
45,Cvi,V,14
45,Cvi,V,14
45,Cvi,V,14
45,Cvi,V,14
45,Cvi,NV,6
45,Cvi,NV,6
45,Cvi,NV,6
45,Cvi,NV,6
45,Cvi,NV,6
45,Cvi,NV,6
45,Omo,NV,2
45,Omo,NV,2
48,Wa,NV,1
48,Cvi,V,8
48,Cvi,V,8
48,Cvi,V,8
48,Cvi,V,8
48,Cvi,V,8
48,Cvi,V,8
48,Cvi,V,8
48,Cvi,V,8
48,Cvi,NV,8
48,Cvi,NV,8
48,Cvi,NV,8
48,Cvi,NV,8
48,Cvi,NV,8
48,Cvi,NV,8
48,Cvi,NV,8
48,Cvi,NV,8
48,Ws,NV,1
48,Omo,V,1
48,Omo,NV,1
53,Wa,V,3
53,Wa,V,3
53,Wa,V,3
53,Wa,NV,1
53,Ra,V,2
53,Ra,V,2
53,Ra,NV,1
53,Sha,NV,2
53,Sha,NV,2
53,Ler,V,2
53,Ler,V,2
53,Ler,NV,2
53,Ler,NV,2
53,Oy,NV,1
53,Cvi,V,1
53,Cvi,NV,1
53,Tu,V,1
53,Ws,V,2
53,Ws,V,2
53,Ws,NV,1
53,Cen,V,1
53,Cen,NV,1
